,Time Series,Cross Sectional,Inverse Vol,Optimized,Ensemble,Equity,Bonds,60/40
Time Series,1.0,0.9216491710737359,0.9087505569220137,0.7261290425600063,0.96661269531832,-0.05386096626839834,-0.053860966268398223,-0.05386096626839817
Cross Sectional,0.9216491710737359,1.0,0.8310918307310053,0.6721712630904306,0.927606574145311,-0.05524107676344855,-0.05524107676344847,-0.05524107676344861
Inverse Vol,0.9087505569220137,0.8310918307310053,1.0,0.7974610340140769,0.9473921090921487,-0.04808075236155772,-0.048080752361557746,-0.048080752361557684
Optimized,0.7261290425600063,0.6721712630904306,0.7974610340140769,1.0,0.8472575618997263,-0.023233679640784675,-0.023233679640784714,-0.023233679640784672
Ensemble,0.96661269531832,0.927606574145311,0.9473921090921487,0.8472575618997263,1.0,-0.04865186306368346,-0.04865186306368338,-0.04865186306368334
Equity,-0.05386096626839834,-0.05524107676344855,-0.04808075236155772,-0.023233679640784675,-0.04865186306368346,1.0,0.9999999999999999,1.0000000000000002
Bonds,-0.053860966268398223,-0.05524107676344847,-0.048080752361557746,-0.023233679640784714,-0.04865186306368338,0.9999999999999999,1.0,0.9999999999999967
60/40,-0.05386096626839817,-0.05524107676344861,-0.048080752361557684,-0.023233679640784672,-0.04865186306368334,1.0000000000000002,0.9999999999999967,1.0
